util.SocialDistancingUtil,BasicSocialDistanceUtility
model.DerivedModel,SocialDistancDerivingModel
model.InterpolatingModel,SocialDistancInferringModel
model.BasicModel,SocialDistanceBasicModel
controller.ConsoleSocialDistancingController,SocialDistanceController
SocialDistancingController,SocialDistanceController
factories.ControllerFactory,SocialDistanceControllerFactory
model.InterpolatingModel,SocialDistanceInterpolatingModel
main.BasicMain,SocialDistanceMVCBasicMain
main.DerivingMain,SocialDistanceMVCDerivingMain
main.InterpolatingMain,SocialDistanceMVCInterpolatingMain
factories.ModelFactory,SocialDistanceModelFactory
main.TestPlayground,SocialDistanceUilityTesterMain
SocialDistanceClassRegistry,SocialDistanceUilityTesterMain
view.SocialDistancingViewImpl,SocialDistanceView
SocialDistancingView,SocialDistanceView
factories.ViewFactory,SocialDistanceViewFactory
